event_date,event_timestamp,event_name,user_id,platform,geo_country,param_key,param_value
2025-07-04,1751587200000,user_signup,U0001,android,US,,
2025-07-04,1751588940000,session_start,U0001,android,US,session_id,U0001_sess1
2025-07-04,1751589420000,level_complete,U0001,android,US,level_number,1
2025-07-04,1751592240000,purchase,U0001,android,US,amount_usd,5.12
2025-07-05,1751673600000,user_signup,U0002,ios,BR,,
2025-07-05,1751675760000,session_start,U0002,ios,BR,session_id,U0002_sess1
2025-07-05,1751675940000,level_complete,U0002,ios,BR,level_number,1
2025-07-06,1751760120000,session_start,U0002,ios,BR,session_id,U0002_sess2
2025-07-02,1751414400000,user_signup,U0003,ios,MY,,
2025-07-02,1751415660000,session_start,U0003,ios,MY,session_id,U0003_sess1
2025-07-02,1751417220000,level_complete,U0003,ios,MY,level_number,1
2025-07-01,1751328000000,user_signup,U0004,android,BR,,
2025-07-01,1751329620000,session_start,U0004,android,BR,session_id,U0004_sess1
2025-07-01,1751330220000,level_complete,U0004,android,BR,level_number,1
2025-07-02,1751415360000,session_start,U0004,android,BR,session_id,U0004_sess2
2025-07-03,1751500800000,user_signup,U0005,ios,BR,,
2025-07-03,1751503440000,session_start,U0005,ios,BR,session_id,U0005_sess1
2025-07-03,1751504940000,level_complete,U0005,ios,BR,level_number,1
2025-07-04,1751590260000,session_start,U0005,ios,BR,session_id,U0005_sess2
2025-07-01,1751328000000,user_signup,U0006,android,US,,
2025-07-01,1751330340000,session_start,U0006,android,US,session_id,U0006_sess1
2025-07-01,1751331840000,level_complete,U0006,android,US,level_number,1
2025-07-01,1751328000000,user_signup,U0007,ios,IN,,
2025-07-01,1751329560000,session_start,U0007,ios,IN,session_id,U0007_sess1
2025-07-01,1751330760000,level_complete,U0007,ios,IN,level_number,1
2025-07-02,1751414820000,session_start,U0007,ios,IN,session_id,U0007_sess2
2025-07-03,1751500800000,user_signup,U0008,android,US,,
2025-07-03,1751501640000,session_start,U0008,android,US,session_id,U0008_sess1
2025-07-03,1751502720000,level_complete,U0008,android,US,level_number,1
2025-07-02,1751414400000,user_signup,U0009,android,PH,,
2025-07-02,1751414640000,session_start,U0009,android,PH,session_id,U0009_sess1
2025-07-02,1751415720000,level_complete,U0009,android,PH,level_number,1
2025-07-04,1751587200000,user_signup,U0010,ios,IN,,
2025-07-04,1751588040000,session_start,U0010,ios,IN,session_id,U0010_sess1
2025-07-05,1751674440000,session_start,U0010,ios,IN,session_id,U0010_sess2
2025-07-04,1751591460000,purchase,U0010,ios,IN,amount_usd,3.92
2025-07-05,1751673600000,user_signup,U0011,android,US,,
2025-07-05,1751674680000,session_start,U0011,android,US,session_id,U0011_sess1
2025-07-05,1751676120000,level_complete,U0011,android,US,level_number,1
2025-07-06,1751762700000,session_start,U0011,android,US,session_id,U0011_sess2
2025-07-05,1751675040000,purchase,U0011,android,US,amount_usd,2.48
2025-07-01,1751328000000,user_signup,U0012,android,MY,,
2025-07-01,1751328420000,session_start,U0012,android,MY,session_id,U0012_sess1
2025-07-01,1751328480000,level_complete,U0012,android,MY,level_number,1
2025-07-02,1751415840000,session_start,U0012,android,MY,session_id,U0012_sess2
2025-07-01,1751329020000,purchase,U0012,android,MY,amount_usd,7.55
2025-07-01,1751328000000,user_signup,U0013,android,PH,,
2025-07-01,1751331540000,session_start,U0013,android,PH,session_id,U0013_sess1
2025-07-01,1751331960000,level_complete,U0013,android,PH,level_number,1
2025-07-01,1751328000000,user_signup,U0014,android,US,,
2025-07-01,1751328480000,session_start,U0014,android,US,session_id,U0014_sess1
2025-07-01,1751328540000,level_complete,U0014,android,US,level_number,1
2025-07-02,1751415780000,session_start,U0014,android,US,session_id,U0014_sess2
2025-07-05,1751673600000,user_signup,U0015,ios,IN,,
2025-07-05,1751675700000,session_start,U0015,ios,IN,session_id,U0015_sess1
2025-07-05,1751677020000,level_complete,U0015,ios,IN,level_number,1
2025-07-05,1751673600000,user_signup,U0016,ios,BR,,
2025-07-05,1751676420000,session_start,U0016,ios,BR,session_id,U0016_sess1
2025-07-03,1751500800000,user_signup,U0017,ios,MY,,
2025-07-03,1751501340000,session_start,U0017,ios,MY,session_id,U0017_sess1
2025-07-04,1751587980000,session_start,U0017,ios,MY,session_id,U0017_sess2
2025-07-01,1751328000000,user_signup,U0018,android,PH,,
2025-07-01,1751331120000,session_start,U0018,android,PH,session_id,U0018_sess1
2025-07-01,1751331360000,level_complete,U0018,android,PH,level_number,1
2025-07-05,1751673600000,user_signup,U0019,ios,BR,,
2025-07-05,1751674500000,session_start,U0019,ios,BR,session_id,U0019_sess1
2025-07-06,1751761920000,session_start,U0019,ios,BR,session_id,U0019_sess2
2025-07-03,1751500800000,user_signup,U0020,ios,PH,,
2025-07-03,1751502120000,session_start,U0020,ios,PH,session_id,U0020_sess1
2025-07-05,1751673600000,user_signup,U0021,android,IN,,
2025-07-05,1751673960000,session_start,U0021,android,IN,session_id,U0021_sess1
2025-07-05,1751674680000,level_complete,U0021,android,IN,level_number,1
2025-07-06,1751761800000,session_start,U0021,android,IN,session_id,U0021_sess2
2025-07-02,1751414400000,user_signup,U0022,ios,BR,,
2025-07-02,1751417700000,session_start,U0022,ios,BR,session_id,U0022_sess1
2025-07-03,1751502780000,session_start,U0022,ios,BR,session_id,U0022_sess2
2025-07-03,1751500800000,user_signup,U0023,ios,US,,
2025-07-03,1751504220000,session_start,U0023,ios,US,session_id,U0023_sess1
2025-07-03,1751505660000,purchase,U0023,ios,US,amount_usd,5.8
2025-07-05,1751673600000,user_signup,U0024,android,BR,,
2025-07-05,1751675580000,session_start,U0024,android,BR,session_id,U0024_sess1
2025-07-05,1751676300000,level_complete,U0024,android,BR,level_number,1
2025-07-06,1751763540000,session_start,U0024,android,BR,session_id,U0024_sess2
2025-07-01,1751328000000,user_signup,U0025,android,US,,
2025-07-01,1751331120000,session_start,U0025,android,US,session_id,U0025_sess1
2025-07-01,1751332140000,level_complete,U0025,android,US,level_number,1
2025-07-02,1751415120000,session_start,U0025,android,US,session_id,U0025_sess2
2025-07-02,1751414400000,user_signup,U0026,android,IN,,
2025-07-02,1751414580000,session_start,U0026,android,IN,session_id,U0026_sess1
2025-07-02,1751415600000,level_complete,U0026,android,IN,level_number,1
2025-07-02,1751414400000,user_signup,U0027,ios,PH,,
2025-07-02,1751414520000,session_start,U0027,ios,PH,session_id,U0027_sess1
2025-07-02,1751415900000,level_complete,U0027,ios,PH,level_number,1
2025-07-03,1751502780000,session_start,U0027,ios,PH,session_id,U0027_sess2
2025-07-02,1751414400000,user_signup,U0028,android,BR,,
2025-07-02,1751417580000,session_start,U0028,android,BR,session_id,U0028_sess1
2025-07-02,1751417940000,level_complete,U0028,android,BR,level_number,1
2025-07-03,1751501040000,session_start,U0028,android,BR,session_id,U0028_sess2
2025-07-02,1751418300000,purchase,U0028,android,BR,amount_usd,3.13
2025-07-05,1751673600000,user_signup,U0029,android,MY,,
2025-07-05,1751676720000,session_start,U0029,android,MY,session_id,U0029_sess1
2025-07-06,1751762880000,session_start,U0029,android,MY,session_id,U0029_sess2
2025-07-01,1751328000000,user_signup,U0030,android,US,,
2025-07-01,1751331540000,session_start,U0030,android,US,session_id,U0030_sess1
2025-07-01,1751333280000,level_complete,U0030,android,US,level_number,1
2025-07-04,1751587200000,user_signup,U0031,android,MY,,
2025-07-04,1751588340000,session_start,U0031,android,MY,session_id,U0031_sess1
2025-07-04,1751587200000,user_signup,U0032,android,BR,,
2025-07-04,1751589660000,session_start,U0032,android,BR,session_id,U0032_sess1
2025-07-04,1751590080000,level_complete,U0032,android,BR,level_number,1
2025-07-04,1751591160000,purchase,U0032,android,BR,amount_usd,2.01
2025-07-02,1751414400000,user_signup,U0033,ios,BR,,
2025-07-02,1751416500000,session_start,U0033,ios,BR,session_id,U0033_sess1
2025-07-02,1751417460000,level_complete,U0033,ios,BR,level_number,1
2025-07-04,1751587200000,user_signup,U0034,ios,IN,,
2025-07-04,1751590140000,session_start,U0034,ios,IN,session_id,U0034_sess1
2025-07-04,1751591100000,level_complete,U0034,ios,IN,level_number,1
2025-07-03,1751500800000,user_signup,U0035,ios,PH,,
2025-07-03,1751504100000,session_start,U0035,ios,PH,session_id,U0035_sess1
2025-07-03,1751504280000,level_complete,U0035,ios,PH,level_number,1
2025-07-04,1751587200000,user_signup,U0036,ios,BR,,
2025-07-04,1751588640000,session_start,U0036,ios,BR,session_id,U0036_sess1
2025-07-04,1751588700000,level_complete,U0036,ios,BR,level_number,1
2025-07-04,1751592060000,purchase,U0036,ios,BR,amount_usd,8.06
2025-07-04,1751587200000,user_signup,U0037,ios,IN,,
2025-07-04,1751589300000,session_start,U0037,ios,IN,session_id,U0037_sess1
2025-07-04,1751590800000,level_complete,U0037,ios,IN,level_number,1
2025-07-04,1751591700000,purchase,U0037,ios,IN,amount_usd,7.22
2025-07-05,1751673600000,user_signup,U0038,ios,US,,
2025-07-05,1751676060000,session_start,U0038,ios,US,session_id,U0038_sess1
2025-07-05,1751676300000,level_complete,U0038,ios,US,level_number,1
2025-07-06,1751761260000,session_start,U0038,ios,US,session_id,U0038_sess2
2025-07-05,1751674620000,purchase,U0038,ios,US,amount_usd,8.63
2025-07-01,1751328000000,user_signup,U0039,android,IN,,
2025-07-01,1751329980000,session_start,U0039,android,IN,session_id,U0039_sess1
2025-07-01,1751331600000,level_complete,U0039,android,IN,level_number,1
2025-07-02,1751417700000,session_start,U0039,android,IN,session_id,U0039_sess2
2025-07-05,1751673600000,user_signup,U0040,ios,US,,
2025-07-05,1751676660000,session_start,U0040,ios,US,session_id,U0040_sess1
2025-07-01,1751328000000,user_signup,U0041,ios,IN,,
2025-07-01,1751329680000,session_start,U0041,ios,IN,session_id,U0041_sess1
2025-07-01,1751329740000,level_complete,U0041,ios,IN,level_number,1
2025-07-02,1751417280000,session_start,U0041,ios,IN,session_id,U0041_sess2
2025-07-03,1751500800000,user_signup,U0042,android,IN,,
2025-07-03,1751503740000,session_start,U0042,android,IN,session_id,U0042_sess1
2025-07-03,1751504460000,level_complete,U0042,android,IN,level_number,1
2025-07-05,1751673600000,user_signup,U0043,ios,BR,,
2025-07-05,1751673960000,session_start,U0043,ios,BR,session_id,U0043_sess1
2025-07-05,1751674500000,level_complete,U0043,ios,BR,level_number,1
2025-07-05,1751673600000,user_signup,U0044,android,BR,,
2025-07-05,1751675460000,session_start,U0044,android,BR,session_id,U0044_sess1
2025-07-05,1751673600000,user_signup,U0045,ios,IN,,
2025-07-05,1751675520000,session_start,U0045,ios,IN,session_id,U0045_sess1
2025-07-06,1751761080000,session_start,U0045,ios,IN,session_id,U0045_sess2
2025-07-02,1751414400000,user_signup,U0046,ios,BR,,
2025-07-02,1751414580000,session_start,U0046,ios,BR,session_id,U0046_sess1
2025-07-02,1751416020000,level_complete,U0046,ios,BR,level_number,1
2025-07-03,1751503620000,session_start,U0046,ios,BR,session_id,U0046_sess2
2025-07-02,1751414400000,user_signup,U0047,ios,US,,
2025-07-02,1751416020000,session_start,U0047,ios,US,session_id,U0047_sess1
2025-07-02,1751417580000,level_complete,U0047,ios,US,level_number,1
2025-07-03,1751500800000,user_signup,U0048,ios,US,,
2025-07-03,1751504040000,session_start,U0048,ios,US,session_id,U0048_sess1
2025-07-03,1751505780000,level_complete,U0048,ios,US,level_number,1
2025-07-04,1751588760000,session_start,U0048,ios,US,session_id,U0048_sess2
2025-07-01,1751328000000,user_signup,U0049,android,IN,,
2025-07-01,1751329440000,session_start,U0049,android,IN,session_id,U0049_sess1
2025-07-05,1751673600000,user_signup,U0050,android,US,,
2025-07-05,1751674800000,session_start,U0050,android,US,session_id,U0050_sess1
2025-07-05,1751675640000,level_complete,U0050,android,US,level_number,1
2025-07-04,1751587200000,user_signup,U0051,android,IN,,
2025-07-04,1751589240000,session_start,U0051,android,IN,session_id,U0051_sess1
2025-07-04,1751590620000,level_complete,U0051,android,IN,level_number,1
2025-07-02,1751414400000,user_signup,U0052,android,MY,,
2025-07-02,1751415720000,session_start,U0052,android,MY,session_id,U0052_sess1
2025-07-02,1751417040000,level_complete,U0052,android,MY,level_number,1
2025-07-03,1751503320000,session_start,U0052,android,MY,session_id,U0052_sess2
2025-07-03,1751500800000,user_signup,U0053,ios,MY,,
2025-07-03,1751503020000,session_start,U0053,ios,MY,session_id,U0053_sess1
2025-07-03,1751504280000,level_complete,U0053,ios,MY,level_number,1
2025-07-04,1751589840000,session_start,U0053,ios,MY,session_id,U0053_sess2
2025-07-04,1751587200000,user_signup,U0054,ios,MY,,
2025-07-04,1751587560000,session_start,U0054,ios,MY,session_id,U0054_sess1
2025-07-04,1751588760000,level_complete,U0054,ios,MY,level_number,1
2025-07-05,1751675700000,session_start,U0054,ios,MY,session_id,U0054_sess2
2025-07-04,1751587200000,user_signup,U0055,android,MY,,
2025-07-04,1751588160000,session_start,U0055,android,MY,session_id,U0055_sess1
2025-07-01,1751328000000,user_signup,U0056,ios,PH,,
2025-07-01,1751331360000,session_start,U0056,ios,PH,session_id,U0056_sess1
2025-07-01,1751333040000,level_complete,U0056,ios,PH,level_number,1
2025-07-02,1751414400000,user_signup,U0057,ios,IN,,
2025-07-02,1751417580000,session_start,U0057,ios,IN,session_id,U0057_sess1
2025-07-02,1751418120000,level_complete,U0057,ios,IN,level_number,1
2025-07-02,1751415000000,purchase,U0057,ios,IN,amount_usd,4.97
2025-07-01,1751328000000,user_signup,U0058,ios,PH,,
2025-07-01,1751330400000,session_start,U0058,ios,PH,session_id,U0058_sess1
2025-07-05,1751673600000,user_signup,U0059,ios,US,,
2025-07-05,1751674920000,session_start,U0059,ios,US,session_id,U0059_sess1
2025-07-06,1751761560000,session_start,U0059,ios,US,session_id,U0059_sess2
2025-07-05,1751673600000,user_signup,U0060,android,US,,
2025-07-05,1751674920000,session_start,U0060,android,US,session_id,U0060_sess1
2025-07-05,1751675760000,level_complete,U0060,android,US,level_number,1
2025-07-06,1751762820000,session_start,U0060,android,US,session_id,U0060_sess2
2025-07-05,1751677860000,purchase,U0060,android,US,amount_usd,7.32
2025-07-04,1751587200000,user_signup,U0061,android,MY,,
2025-07-04,1751588160000,session_start,U0061,android,MY,session_id,U0061_sess1
2025-07-04,1751589120000,level_complete,U0061,android,MY,level_number,1
2025-07-05,1751673600000,user_signup,U0062,android,BR,,
2025-07-05,1751674980000,session_start,U0062,android,BR,session_id,U0062_sess1
2025-07-05,1751676300000,level_complete,U0062,android,BR,level_number,1
2025-07-05,1751674740000,purchase,U0062,android,BR,amount_usd,6.62
2025-07-02,1751414400000,user_signup,U0063,android,PH,,
2025-07-02,1751416320000,session_start,U0063,android,PH,session_id,U0063_sess1
2025-07-02,1751416380000,purchase,U0063,android,PH,amount_usd,9.49
2025-07-02,1751414400000,user_signup,U0064,android,US,,
2025-07-02,1751417340000,session_start,U0064,android,US,session_id,U0064_sess1
2025-07-04,1751587200000,user_signup,U0065,android,PH,,
2025-07-04,1751590200000,session_start,U0065,android,PH,session_id,U0065_sess1
2025-07-04,1751590260000,level_complete,U0065,android,PH,level_number,1
2025-07-05,1751676660000,session_start,U0065,android,PH,session_id,U0065_sess2
2025-07-04,1751587200000,user_signup,U0066,android,US,,
2025-07-04,1751587380000,session_start,U0066,android,US,session_id,U0066_sess1
2025-07-05,1751673600000,user_signup,U0067,android,MY,,
2025-07-05,1751674380000,session_start,U0067,android,MY,session_id,U0067_sess1
2025-07-05,1751675220000,level_complete,U0067,android,MY,level_number,1
2025-07-06,1751763060000,session_start,U0067,android,MY,session_id,U0067_sess2
2025-07-01,1751328000000,user_signup,U0068,android,PH,,
2025-07-01,1751329560000,session_start,U0068,android,PH,session_id,U0068_sess1
2025-07-01,1751331120000,level_complete,U0068,android,PH,level_number,1
2025-07-03,1751500800000,user_signup,U0069,ios,BR,,
2025-07-03,1751503260000,session_start,U0069,ios,BR,session_id,U0069_sess1
2025-07-03,1751504820000,level_complete,U0069,ios,BR,level_number,1
2025-07-05,1751673600000,user_signup,U0070,ios,MY,,
2025-07-05,1751676960000,session_start,U0070,ios,MY,session_id,U0070_sess1
2025-07-02,1751414400000,user_signup,U0071,ios,IN,,
2025-07-02,1751416620000,session_start,U0071,ios,IN,session_id,U0071_sess1
2025-07-04,1751587200000,user_signup,U0072,android,BR,,
2025-07-04,1751588280000,session_start,U0072,android,BR,session_id,U0072_sess1
2025-07-04,1751589720000,level_complete,U0072,android,BR,level_number,1
2025-07-04,1751587200000,user_signup,U0073,android,BR,,
2025-07-04,1751590140000,session_start,U0073,android,BR,session_id,U0073_sess1
2025-07-04,1751591520000,level_complete,U0073,android,BR,level_number,1
2025-07-04,1751588760000,purchase,U0073,android,BR,amount_usd,5.8
2025-07-04,1751587200000,user_signup,U0074,ios,PH,,
2025-07-04,1751590080000,session_start,U0074,ios,PH,session_id,U0074_sess1
2025-07-04,1751590860000,level_complete,U0074,ios,PH,level_number,1
2025-07-04,1751587200000,user_signup,U0075,android,BR,,
2025-07-04,1751589660000,session_start,U0075,android,BR,session_id,U0075_sess1
2025-07-05,1751675280000,session_start,U0075,android,BR,session_id,U0075_sess2
2025-07-04,1751587200000,user_signup,U0076,ios,US,,
2025-07-04,1751588340000,session_start,U0076,ios,US,session_id,U0076_sess1
2025-07-04,1751589300000,level_complete,U0076,ios,US,level_number,1
2025-07-05,1751675700000,session_start,U0076,ios,US,session_id,U0076_sess2
2025-07-04,1751587200000,user_signup,U0077,ios,US,,
2025-07-04,1751590740000,session_start,U0077,ios,US,session_id,U0077_sess1
2025-07-04,1751592000000,level_complete,U0077,ios,US,level_number,1
2025-07-05,1751673600000,user_signup,U0078,ios,US,,
2025-07-05,1751676780000,session_start,U0078,ios,US,session_id,U0078_sess1
2025-07-05,1751677200000,level_complete,U0078,ios,US,level_number,1
2025-07-05,1751676240000,purchase,U0078,ios,US,amount_usd,8.98
2025-07-03,1751500800000,user_signup,U0079,android,US,,
2025-07-03,1751501460000,session_start,U0079,android,US,session_id,U0079_sess1
2025-07-03,1751502180000,level_complete,U0079,android,US,level_number,1
2025-07-01,1751328000000,user_signup,U0080,ios,IN,,
2025-07-01,1751330280000,session_start,U0080,ios,IN,session_id,U0080_sess1
2025-07-01,1751331060000,level_complete,U0080,ios,IN,level_number,1
2025-07-02,1751414940000,session_start,U0080,ios,IN,session_id,U0080_sess2
2025-07-02,1751414400000,user_signup,U0081,android,MY,,
2025-07-02,1751414520000,session_start,U0081,android,MY,session_id,U0081_sess1
2025-07-02,1751414820000,level_complete,U0081,android,MY,level_number,1
2025-07-03,1751501280000,session_start,U0081,android,MY,session_id,U0081_sess2
2025-07-01,1751328000000,user_signup,U0082,android,IN,,
2025-07-01,1751329320000,session_start,U0082,android,IN,session_id,U0082_sess1
2025-07-04,1751587200000,user_signup,U0083,android,BR,,
2025-07-04,1751589360000,session_start,U0083,android,BR,session_id,U0083_sess1
2025-07-04,1751590500000,level_complete,U0083,android,BR,level_number,1
2025-07-03,1751500800000,user_signup,U0084,ios,BR,,
2025-07-03,1751501400000,session_start,U0084,ios,BR,session_id,U0084_sess1
2025-07-04,1751587380000,session_start,U0084,ios,BR,session_id,U0084_sess2
2025-07-02,1751414400000,user_signup,U0085,ios,US,,
2025-07-02,1751416080000,session_start,U0085,ios,US,session_id,U0085_sess1
2025-07-02,1751417280000,level_complete,U0085,ios,US,level_number,1
2025-07-03,1751503260000,session_start,U0085,ios,US,session_id,U0085_sess2
2025-07-03,1751500800000,user_signup,U0086,android,BR,,
2025-07-03,1751501580000,session_start,U0086,android,BR,session_id,U0086_sess1
2025-07-03,1751503080000,level_complete,U0086,android,BR,level_number,1
2025-07-04,1751590140000,session_start,U0086,android,BR,session_id,U0086_sess2
2025-07-03,1751503320000,purchase,U0086,android,BR,amount_usd,3.0
2025-07-02,1751414400000,user_signup,U0087,ios,US,,
2025-07-02,1751417040000,session_start,U0087,ios,US,session_id,U0087_sess1
2025-07-05,1751673600000,user_signup,U0088,android,BR,,
2025-07-05,1751674260000,session_start,U0088,android,BR,session_id,U0088_sess1
2025-07-06,1751761140000,session_start,U0088,android,BR,session_id,U0088_sess2
2025-07-02,1751414400000,user_signup,U0089,ios,US,,
2025-07-02,1751417220000,session_start,U0089,ios,US,session_id,U0089_sess1
2025-07-02,1751418060000,level_complete,U0089,ios,US,level_number,1
2025-07-03,1751500860000,session_start,U0089,ios,US,session_id,U0089_sess2
2025-07-03,1751500800000,user_signup,U0090,android,IN,,
2025-07-03,1751501760000,session_start,U0090,android,IN,session_id,U0090_sess1
2025-07-04,1751587200000,user_signup,U0091,ios,US,,
2025-07-04,1751588640000,session_start,U0091,ios,US,session_id,U0091_sess1
2025-07-04,1751589120000,level_complete,U0091,ios,US,level_number,1
2025-07-05,1751675760000,session_start,U0091,ios,US,session_id,U0091_sess2
2025-07-02,1751414400000,user_signup,U0092,android,PH,,
2025-07-02,1751417400000,session_start,U0092,android,PH,session_id,U0092_sess1
2025-07-02,1751417700000,level_complete,U0092,android,PH,level_number,1
2025-07-01,1751328000000,user_signup,U0093,ios,BR,,
2025-07-01,1751328540000,session_start,U0093,ios,BR,session_id,U0093_sess1
2025-07-01,1751329740000,level_complete,U0093,ios,BR,level_number,1
2025-07-05,1751673600000,user_signup,U0094,ios,MY,,
2025-07-05,1751676360000,session_start,U0094,ios,MY,session_id,U0094_sess1
2025-07-05,1751676720000,level_complete,U0094,ios,MY,level_number,1
2025-07-01,1751328000000,user_signup,U0095,android,PH,,
2025-07-01,1751328120000,session_start,U0095,android,PH,session_id,U0095_sess1
2025-07-01,1751329200000,level_complete,U0095,android,PH,level_number,1
2025-07-01,1751330520000,purchase,U0095,android,PH,amount_usd,7.99
2025-07-02,1751414400000,user_signup,U0096,android,PH,,
2025-07-02,1751416320000,session_start,U0096,android,PH,session_id,U0096_sess1
2025-07-03,1751502360000,session_start,U0096,android,PH,session_id,U0096_sess2
2025-07-03,1751500800000,user_signup,U0097,android,MY,,
2025-07-03,1751502420000,session_start,U0097,android,MY,session_id,U0097_sess1
2025-07-03,1751502480000,level_complete,U0097,android,MY,level_number,1
2025-07-04,1751589300000,session_start,U0097,android,MY,session_id,U0097_sess2
2025-07-03,1751502600000,purchase,U0097,android,MY,amount_usd,1.5
2025-07-04,1751587200000,user_signup,U0098,ios,US,,
2025-07-04,1751588220000,session_start,U0098,ios,US,session_id,U0098_sess1
2025-07-04,1751588520000,level_complete,U0098,ios,US,level_number,1
2025-07-05,1751673600000,user_signup,U0099,android,IN,,
2025-07-05,1751676780000,session_start,U0099,android,IN,session_id,U0099_sess1
2025-07-01,1751328000000,user_signup,U0100,ios,US,,
2025-07-01,1751330760000,session_start,U0100,ios,US,session_id,U0100_sess1
2025-07-01,1751331540000,level_complete,U0100,ios,US,level_number,1
2025-07-01,1751328000000,user_signup,U0101,android,IN,,
2025-07-01,1751330400000,session_start,U0101,android,IN,session_id,U0101_sess1
2025-07-01,1751332080000,level_complete,U0101,android,IN,level_number,1
2025-07-02,1751416740000,session_start,U0101,android,IN,session_id,U0101_sess2
2025-07-02,1751414400000,user_signup,U0102,ios,BR,,
2025-07-02,1751417640000,session_start,U0102,ios,BR,session_id,U0102_sess1
2025-07-04,1751587200000,user_signup,U0103,ios,BR,,
2025-07-04,1751587500000,session_start,U0103,ios,BR,session_id,U0103_sess1
2025-07-04,1751589120000,level_complete,U0103,ios,BR,level_number,1
2025-07-05,1751676480000,session_start,U0103,ios,BR,session_id,U0103_sess2
2025-07-05,1751673600000,user_signup,U0104,ios,BR,,
2025-07-05,1751674860000,session_start,U0104,ios,BR,session_id,U0104_sess1
2025-07-05,1751675520000,level_complete,U0104,ios,BR,level_number,1
2025-07-06,1751762280000,session_start,U0104,ios,BR,session_id,U0104_sess2
2025-07-02,1751414400000,user_signup,U0105,android,MY,,
2025-07-02,1751416680000,session_start,U0105,android,MY,session_id,U0105_sess1
2025-07-02,1751417760000,level_complete,U0105,android,MY,level_number,1
2025-07-03,1751502420000,session_start,U0105,android,MY,session_id,U0105_sess2
2025-07-02,1751418060000,purchase,U0105,android,MY,amount_usd,5.92
2025-07-01,1751328000000,user_signup,U0106,ios,PH,,
2025-07-01,1751329440000,session_start,U0106,ios,PH,session_id,U0106_sess1
2025-07-02,1751416920000,session_start,U0106,ios,PH,session_id,U0106_sess2
2025-07-05,1751673600000,user_signup,U0107,ios,PH,,
2025-07-05,1751675340000,session_start,U0107,ios,PH,session_id,U0107_sess1
2025-07-05,1751676780000,level_complete,U0107,ios,PH,level_number,1
2025-07-04,1751587200000,user_signup,U0108,android,PH,,
2025-07-04,1751588640000,session_start,U0108,android,PH,session_id,U0108_sess1
2025-07-04,1751589000000,level_complete,U0108,android,PH,level_number,1
2025-07-05,1751674380000,session_start,U0108,android,PH,session_id,U0108_sess2
2025-07-03,1751500800000,user_signup,U0109,ios,PH,,
2025-07-03,1751503680000,session_start,U0109,ios,PH,session_id,U0109_sess1
2025-07-03,1751504580000,level_complete,U0109,ios,PH,level_number,1
2025-07-04,1751590500000,session_start,U0109,ios,PH,session_id,U0109_sess2
2025-07-03,1751500800000,user_signup,U0110,ios,PH,,
2025-07-03,1751504040000,session_start,U0110,ios,PH,session_id,U0110_sess1
2025-07-03,1751504280000,level_complete,U0110,ios,PH,level_number,1
2025-07-04,1751590560000,session_start,U0110,ios,PH,session_id,U0110_sess2
2025-07-03,1751500800000,user_signup,U0111,ios,IN,,
2025-07-03,1751502420000,session_start,U0111,ios,IN,session_id,U0111_sess1
2025-07-03,1751503500000,level_complete,U0111,ios,IN,level_number,1
2025-07-05,1751673600000,user_signup,U0112,ios,IN,,
2025-07-05,1751673900000,session_start,U0112,ios,IN,session_id,U0112_sess1
2025-07-05,1751674500000,level_complete,U0112,ios,IN,level_number,1
2025-07-06,1751761260000,session_start,U0112,ios,IN,session_id,U0112_sess2
2025-07-05,1751673600000,user_signup,U0113,android,BR,,
2025-07-05,1751676060000,session_start,U0113,android,BR,session_id,U0113_sess1
2025-07-05,1751676900000,level_complete,U0113,android,BR,level_number,1
2025-07-06,1751760840000,session_start,U0113,android,BR,session_id,U0113_sess2
2025-07-03,1751500800000,user_signup,U0114,android,US,,
2025-07-03,1751501340000,session_start,U0114,android,US,session_id,U0114_sess1
2025-07-03,1751502240000,level_complete,U0114,android,US,level_number,1
2025-07-03,1751505120000,purchase,U0114,android,US,amount_usd,4.39
2025-07-01,1751328000000,user_signup,U0115,android,BR,,
2025-07-01,1751329560000,session_start,U0115,android,BR,session_id,U0115_sess1
2025-07-02,1751416500000,session_start,U0115,android,BR,session_id,U0115_sess2
2025-07-01,1751333280000,purchase,U0115,android,BR,amount_usd,5.82
2025-07-02,1751414400000,user_signup,U0116,android,IN,,
2025-07-02,1751416080000,session_start,U0116,android,IN,session_id,U0116_sess1
2025-07-02,1751417520000,level_complete,U0116,android,IN,level_number,1
2025-07-02,1751418480000,purchase,U0116,android,IN,amount_usd,3.26
2025-07-03,1751500800000,user_signup,U0117,android,US,,
2025-07-03,1751503620000,session_start,U0117,android,US,session_id,U0117_sess1
2025-07-03,1751502420000,purchase,U0117,android,US,amount_usd,5.02
2025-07-03,1751500800000,user_signup,U0118,android,IN,,
2025-07-03,1751503860000,session_start,U0118,android,IN,session_id,U0118_sess1
2025-07-03,1751505360000,level_complete,U0118,android,IN,level_number,1
2025-07-03,1751503680000,purchase,U0118,android,IN,amount_usd,3.89
2025-07-02,1751414400000,user_signup,U0119,ios,IN,,
2025-07-02,1751417040000,session_start,U0119,ios,IN,session_id,U0119_sess1
2025-07-02,1751417820000,level_complete,U0119,ios,IN,level_number,1
2025-07-03,1751500800000,user_signup,U0120,android,US,,
2025-07-03,1751503260000,session_start,U0120,android,US,session_id,U0120_sess1
2025-07-03,1751504160000,level_complete,U0120,android,US,level_number,1
2025-07-01,1751328000000,user_signup,U0121,android,IN,,
2025-07-01,1751330640000,session_start,U0121,android,IN,session_id,U0121_sess1
2025-07-01,1751331180000,level_complete,U0121,android,IN,level_number,1
2025-07-02,1751417520000,session_start,U0121,android,IN,session_id,U0121_sess2
2025-07-02,1751414400000,user_signup,U0122,ios,BR,,
2025-07-02,1751417940000,session_start,U0122,ios,BR,session_id,U0122_sess1
2025-07-02,1751418720000,level_complete,U0122,ios,BR,level_number,1
2025-07-03,1751504220000,session_start,U0122,ios,BR,session_id,U0122_sess2
2025-07-05,1751673600000,user_signup,U0123,ios,IN,,
2025-07-05,1751673960000,session_start,U0123,ios,IN,session_id,U0123_sess1
2025-07-05,1751674920000,level_complete,U0123,ios,IN,level_number,1
2025-07-06,1751760660000,session_start,U0123,ios,IN,session_id,U0123_sess2
2025-07-05,1751675580000,purchase,U0123,ios,IN,amount_usd,9.06
2025-07-03,1751500800000,user_signup,U0124,ios,IN,,
2025-07-03,1751503860000,session_start,U0124,ios,IN,session_id,U0124_sess1
2025-07-03,1751504160000,level_complete,U0124,ios,IN,level_number,1
2025-07-03,1751505300000,purchase,U0124,ios,IN,amount_usd,6.17
2025-07-03,1751500800000,user_signup,U0125,ios,PH,,
2025-07-03,1751501040000,session_start,U0125,ios,PH,session_id,U0125_sess1
2025-07-03,1751502360000,level_complete,U0125,ios,PH,level_number,1
2025-07-04,1751590560000,session_start,U0125,ios,PH,session_id,U0125_sess2
2025-07-01,1751328000000,user_signup,U0126,ios,MY,,
2025-07-01,1751328120000,session_start,U0126,ios,MY,session_id,U0126_sess1
2025-07-01,1751328600000,level_complete,U0126,ios,MY,level_number,1
2025-07-02,1751417100000,session_start,U0126,ios,MY,session_id,U0126_sess2
2025-07-02,1751414400000,user_signup,U0127,android,PH,,
2025-07-02,1751417640000,session_start,U0127,android,PH,session_id,U0127_sess1
2025-07-03,1751502000000,session_start,U0127,android,PH,session_id,U0127_sess2
2025-07-01,1751328000000,user_signup,U0128,android,PH,,
2025-07-01,1751329560000,session_start,U0128,android,PH,session_id,U0128_sess1
2025-07-02,1751415060000,session_start,U0128,android,PH,session_id,U0128_sess2
2025-07-05,1751673600000,user_signup,U0129,android,PH,,
2025-07-05,1751676180000,session_start,U0129,android,PH,session_id,U0129_sess1
2025-07-05,1751676540000,level_complete,U0129,android,PH,level_number,1
2025-07-06,1751760600000,session_start,U0129,android,PH,session_id,U0129_sess2
2025-07-02,1751414400000,user_signup,U0130,android,BR,,
2025-07-02,1751417040000,session_start,U0130,android,BR,session_id,U0130_sess1
2025-07-02,1751417520000,level_complete,U0130,android,BR,level_number,1
2025-07-05,1751673600000,user_signup,U0131,android,IN,,
2025-07-05,1751674140000,session_start,U0131,android,IN,session_id,U0131_sess1
2025-07-03,1751500800000,user_signup,U0132,android,BR,,
2025-07-03,1751502600000,session_start,U0132,android,BR,session_id,U0132_sess1
2025-07-03,1751502900000,level_complete,U0132,android,BR,level_number,1
2025-07-05,1751673600000,user_signup,U0133,android,PH,,
2025-07-05,1751676960000,session_start,U0133,android,PH,session_id,U0133_sess1
2025-07-06,1751762100000,session_start,U0133,android,PH,session_id,U0133_sess2
2025-07-05,1751676540000,purchase,U0133,android,PH,amount_usd,7.48
2025-07-04,1751587200000,user_signup,U0134,ios,US,,
2025-07-04,1751588940000,session_start,U0134,ios,US,session_id,U0134_sess1
2025-07-04,1751589480000,level_complete,U0134,ios,US,level_number,1
2025-07-03,1751500800000,user_signup,U0135,android,MY,,
2025-07-03,1751502060000,session_start,U0135,android,MY,session_id,U0135_sess1
2025-07-03,1751503200000,level_complete,U0135,android,MY,level_number,1
2025-07-04,1751587200000,user_signup,U0136,android,IN,,
2025-07-04,1751588700000,session_start,U0136,android,IN,session_id,U0136_sess1
2025-07-05,1751676000000,session_start,U0136,android,IN,session_id,U0136_sess2
2025-07-03,1751500800000,user_signup,U0137,android,PH,,
2025-07-03,1751503080000,session_start,U0137,android,PH,session_id,U0137_sess1
2025-07-03,1751503980000,level_complete,U0137,android,PH,level_number,1
2025-07-02,1751414400000,user_signup,U0138,android,IN,,
2025-07-02,1751415240000,session_start,U0138,android,IN,session_id,U0138_sess1
2025-07-02,1751415720000,level_complete,U0138,android,IN,level_number,1
2025-07-02,1751415300000,purchase,U0138,android,IN,amount_usd,3.99
2025-07-03,1751500800000,user_signup,U0139,android,US,,
2025-07-03,1751501280000,session_start,U0139,android,US,session_id,U0139_sess1
2025-07-03,1751502480000,level_complete,U0139,android,US,level_number,1
2025-07-04,1751587200000,user_signup,U0140,android,IN,,
2025-07-04,1751589000000,session_start,U0140,android,IN,session_id,U0140_sess1
2025-07-04,1751589360000,purchase,U0140,android,IN,amount_usd,7.69
2025-07-04,1751587200000,user_signup,U0141,android,PH,,
2025-07-04,1751588520000,session_start,U0141,android,PH,session_id,U0141_sess1
2025-07-05,1751674200000,session_start,U0141,android,PH,session_id,U0141_sess2
2025-07-05,1751673600000,user_signup,U0142,android,BR,,
2025-07-05,1751675460000,session_start,U0142,android,BR,session_id,U0142_sess1
2025-07-05,1751676240000,level_complete,U0142,android,BR,level_number,1
2025-07-06,1751763360000,session_start,U0142,android,BR,session_id,U0142_sess2
2025-07-05,1751673600000,user_signup,U0143,ios,PH,,
2025-07-05,1751675340000,session_start,U0143,ios,PH,session_id,U0143_sess1
2025-07-05,1751676060000,level_complete,U0143,ios,PH,level_number,1
2025-07-05,1751676300000,purchase,U0143,ios,PH,amount_usd,5.87
2025-07-03,1751500800000,user_signup,U0144,android,US,,
2025-07-03,1751502420000,session_start,U0144,android,US,session_id,U0144_sess1
2025-07-03,1751503080000,level_complete,U0144,android,US,level_number,1
2025-07-02,1751414400000,user_signup,U0145,android,US,,
2025-07-02,1751417160000,session_start,U0145,android,US,session_id,U0145_sess1
2025-07-02,1751418720000,level_complete,U0145,android,US,level_number,1
2025-07-01,1751328000000,user_signup,U0146,ios,PH,,
2025-07-01,1751329980000,session_start,U0146,ios,PH,session_id,U0146_sess1
2025-07-01,1751331660000,level_complete,U0146,ios,PH,level_number,1
2025-07-01,1751332620000,purchase,U0146,ios,PH,amount_usd,8.1
2025-07-05,1751673600000,user_signup,U0147,ios,BR,,
2025-07-05,1751674080000,session_start,U0147,ios,BR,session_id,U0147_sess1
2025-07-05,1751675100000,level_complete,U0147,ios,BR,level_number,1
2025-07-03,1751500800000,user_signup,U0148,android,IN,,
2025-07-03,1751502540000,session_start,U0148,android,IN,session_id,U0148_sess1
2025-07-03,1751503080000,level_complete,U0148,android,IN,level_number,1
2025-07-05,1751673600000,user_signup,U0149,ios,BR,,
2025-07-05,1751674860000,session_start,U0149,ios,BR,session_id,U0149_sess1
2025-07-05,1751675100000,level_complete,U0149,ios,BR,level_number,1
2025-07-06,1751763420000,session_start,U0149,ios,BR,session_id,U0149_sess2
2025-07-03,1751500800000,user_signup,U0150,ios,US,,
2025-07-03,1751503200000,session_start,U0150,ios,US,session_id,U0150_sess1
2025-07-03,1751504100000,level_complete,U0150,ios,US,level_number,1
2025-07-04,1751587740000,session_start,U0150,ios,US,session_id,U0150_sess2
2025-07-01,1751328000000,user_signup,U0151,android,BR,,
2025-07-01,1751331180000,session_start,U0151,android,BR,session_id,U0151_sess1
2025-07-01,1751331360000,level_complete,U0151,android,BR,level_number,1
2025-07-02,1751415900000,session_start,U0151,android,BR,session_id,U0151_sess2
2025-07-02,1751414400000,user_signup,U0152,ios,IN,,
2025-07-02,1751414820000,session_start,U0152,ios,IN,session_id,U0152_sess1
2025-07-02,1751414940000,level_complete,U0152,ios,IN,level_number,1
2025-07-03,1751500800000,user_signup,U0153,android,IN,,
2025-07-03,1751503440000,session_start,U0153,android,IN,session_id,U0153_sess1
2025-07-04,1751588700000,session_start,U0153,android,IN,session_id,U0153_sess2
2025-07-05,1751673600000,user_signup,U0154,android,MY,,
2025-07-05,1751675040000,session_start,U0154,android,MY,session_id,U0154_sess1
2025-07-05,1751676780000,level_complete,U0154,android,MY,level_number,1
2025-07-04,1751587200000,user_signup,U0155,android,IN,,
2025-07-04,1751590200000,session_start,U0155,android,IN,session_id,U0155_sess1
2025-07-04,1751590620000,level_complete,U0155,android,IN,level_number,1
2025-07-04,1751587200000,user_signup,U0156,android,BR,,
2025-07-04,1751590440000,session_start,U0156,android,BR,session_id,U0156_sess1
2025-07-04,1751592000000,purchase,U0156,android,BR,amount_usd,6.35
2025-07-05,1751673600000,user_signup,U0157,android,IN,,
2025-07-05,1751675400000,session_start,U0157,android,IN,session_id,U0157_sess1
2025-07-06,1751761140000,session_start,U0157,android,IN,session_id,U0157_sess2
2025-07-05,1751673600000,user_signup,U0158,android,BR,,
2025-07-05,1751676540000,session_start,U0158,android,BR,session_id,U0158_sess1
2025-07-05,1751677500000,level_complete,U0158,android,BR,level_number,1
2025-07-05,1751678820000,purchase,U0158,android,BR,amount_usd,7.42
2025-07-02,1751414400000,user_signup,U0159,android,MY,,
2025-07-02,1751414520000,session_start,U0159,android,MY,session_id,U0159_sess1
2025-07-02,1751415540000,level_complete,U0159,android,MY,level_number,1
2025-07-03,1751503080000,session_start,U0159,android,MY,session_id,U0159_sess2
2025-07-04,1751587200000,user_signup,U0160,ios,BR,,
2025-07-04,1751587260000,session_start,U0160,ios,BR,session_id,U0160_sess1
2025-07-04,1751588640000,level_complete,U0160,ios,BR,level_number,1
2025-07-02,1751414400000,user_signup,U0161,ios,US,,
2025-07-02,1751415540000,session_start,U0161,ios,US,session_id,U0161_sess1
2025-07-02,1751417220000,level_complete,U0161,ios,US,level_number,1
2025-07-02,1751414400000,user_signup,U0162,ios,US,,
2025-07-02,1751414820000,session_start,U0162,ios,US,session_id,U0162_sess1
2025-07-02,1751414880000,level_complete,U0162,ios,US,level_number,1
2025-07-03,1751500800000,user_signup,U0163,android,MY,,
2025-07-03,1751501280000,session_start,U0163,android,MY,session_id,U0163_sess1
2025-07-03,1751502180000,level_complete,U0163,android,MY,level_number,1
2025-07-04,1751587200000,user_signup,U0164,android,IN,,
2025-07-04,1751590020000,session_start,U0164,android,IN,session_id,U0164_sess1
2025-07-03,1751500800000,user_signup,U0165,android,IN,,
2025-07-03,1751501760000,session_start,U0165,android,IN,session_id,U0165_sess1
2025-07-03,1751502060000,level_complete,U0165,android,IN,level_number,1
2025-07-04,1751588040000,session_start,U0165,android,IN,session_id,U0165_sess2
2025-07-02,1751414400000,user_signup,U0166,android,MY,,
2025-07-02,1751414820000,session_start,U0166,android,MY,session_id,U0166_sess1
2025-07-02,1751414880000,level_complete,U0166,android,MY,level_number,1
2025-07-03,1751501940000,session_start,U0166,android,MY,session_id,U0166_sess2
2025-07-02,1751416080000,purchase,U0166,android,MY,amount_usd,6.24
2025-07-04,1751587200000,user_signup,U0167,ios,MY,,
2025-07-04,1751588280000,session_start,U0167,ios,MY,session_id,U0167_sess1
2025-07-02,1751414400000,user_signup,U0168,ios,IN,,
2025-07-02,1751414520000,session_start,U0168,ios,IN,session_id,U0168_sess1
2025-07-02,1751415900000,level_complete,U0168,ios,IN,level_number,1
2025-07-03,1751501100000,session_start,U0168,ios,IN,session_id,U0168_sess2
2025-07-01,1751328000000,user_signup,U0169,android,PH,,
2025-07-01,1751330040000,session_start,U0169,android,PH,session_id,U0169_sess1
2025-07-02,1751417880000,session_start,U0169,android,PH,session_id,U0169_sess2
2025-07-01,1751328000000,user_signup,U0170,ios,MY,,
2025-07-01,1751328600000,session_start,U0170,ios,MY,session_id,U0170_sess1
2025-07-01,1751330220000,level_complete,U0170,ios,MY,level_number,1
2025-07-01,1751328000000,user_signup,U0171,android,IN,,
2025-07-01,1751331000000,session_start,U0171,android,IN,session_id,U0171_sess1
2025-07-01,1751331840000,level_complete,U0171,android,IN,level_number,1
2025-07-01,1751328000000,user_signup,U0172,android,US,,
2025-07-01,1751330340000,session_start,U0172,android,US,session_id,U0172_sess1
2025-07-01,1751331660000,level_complete,U0172,android,US,level_number,1
2025-07-02,1751414400000,user_signup,U0173,android,US,,
2025-07-02,1751416140000,session_start,U0173,android,US,session_id,U0173_sess1
2025-07-02,1751417520000,level_complete,U0173,android,US,level_number,1
2025-07-05,1751673600000,user_signup,U0174,ios,US,,
2025-07-05,1751676120000,session_start,U0174,ios,US,session_id,U0174_sess1
2025-07-05,1751676480000,level_complete,U0174,ios,US,level_number,1
2025-07-06,1751762220000,session_start,U0174,ios,US,session_id,U0174_sess2
2025-07-02,1751414400000,user_signup,U0175,ios,IN,,
2025-07-02,1751415120000,session_start,U0175,ios,IN,session_id,U0175_sess1
2025-07-02,1751415720000,level_complete,U0175,ios,IN,level_number,1
2025-07-03,1751502420000,session_start,U0175,ios,IN,session_id,U0175_sess2
2025-07-03,1751500800000,user_signup,U0176,ios,BR,,
2025-07-03,1751503200000,session_start,U0176,ios,BR,session_id,U0176_sess1
2025-07-03,1751503980000,level_complete,U0176,ios,BR,level_number,1
2025-07-03,1751504040000,purchase,U0176,ios,BR,amount_usd,8.53
2025-07-05,1751673600000,user_signup,U0177,android,PH,,
2025-07-05,1751675280000,session_start,U0177,android,PH,session_id,U0177_sess1
2025-07-06,1751760120000,session_start,U0177,android,PH,session_id,U0177_sess2
2025-07-05,1751678040000,purchase,U0177,android,PH,amount_usd,1.74
2025-07-04,1751587200000,user_signup,U0178,android,IN,,
2025-07-04,1751590260000,session_start,U0178,android,IN,session_id,U0178_sess1
2025-07-04,1751591520000,level_complete,U0178,android,IN,level_number,1
2025-07-04,1751587200000,user_signup,U0179,ios,US,,
2025-07-04,1751590140000,session_start,U0179,ios,US,session_id,U0179_sess1
2025-07-05,1751673600000,user_signup,U0180,android,MY,,
2025-07-05,1751676960000,session_start,U0180,android,MY,session_id,U0180_sess1
2025-07-05,1751677200000,level_complete,U0180,android,MY,level_number,1
2025-07-05,1751677860000,purchase,U0180,android,MY,amount_usd,9.59
2025-07-03,1751500800000,user_signup,U0181,ios,MY,,
2025-07-03,1751502840000,session_start,U0181,ios,MY,session_id,U0181_sess1
2025-07-03,1751502960000,level_complete,U0181,ios,MY,level_number,1
2025-07-04,1751587740000,session_start,U0181,ios,MY,session_id,U0181_sess2
2025-07-01,1751328000000,user_signup,U0182,ios,BR,,
2025-07-01,1751329500000,session_start,U0182,ios,BR,session_id,U0182_sess1
2025-07-03,1751500800000,user_signup,U0183,android,BR,,
2025-07-03,1751500980000,session_start,U0183,android,BR,session_id,U0183_sess1
2025-07-03,1751501700000,level_complete,U0183,android,BR,level_number,1
2025-07-02,1751414400000,user_signup,U0184,ios,US,,
2025-07-02,1751415120000,session_start,U0184,ios,US,session_id,U0184_sess1
2025-07-02,1751415840000,level_complete,U0184,ios,US,level_number,1
2025-07-01,1751328000000,user_signup,U0185,ios,IN,,
2025-07-01,1751328600000,session_start,U0185,ios,IN,session_id,U0185_sess1
2025-07-01,1751329620000,level_complete,U0185,ios,IN,level_number,1
2025-07-02,1751415360000,session_start,U0185,ios,IN,session_id,U0185_sess2
2025-07-05,1751673600000,user_signup,U0186,ios,IN,,
2025-07-05,1751674620000,session_start,U0186,ios,IN,session_id,U0186_sess1
2025-07-05,1751675940000,level_complete,U0186,ios,IN,level_number,1
2025-07-02,1751414400000,user_signup,U0187,ios,PH,,
2025-07-02,1751415900000,session_start,U0187,ios,PH,session_id,U0187_sess1
2025-07-02,1751417520000,level_complete,U0187,ios,PH,level_number,1
2025-07-02,1751414400000,user_signup,U0188,android,IN,,
2025-07-02,1751415360000,session_start,U0188,android,IN,session_id,U0188_sess1
2025-07-03,1751502060000,session_start,U0188,android,IN,session_id,U0188_sess2
2025-07-05,1751673600000,user_signup,U0189,ios,IN,,
2025-07-05,1751674020000,session_start,U0189,ios,IN,session_id,U0189_sess1
2025-07-05,1751674980000,level_complete,U0189,ios,IN,level_number,1
2025-07-06,1751763540000,session_start,U0189,ios,IN,session_id,U0189_sess2
2025-07-02,1751414400000,user_signup,U0190,ios,US,,
2025-07-02,1751416260000,session_start,U0190,ios,US,session_id,U0190_sess1
2025-07-02,1751414400000,user_signup,U0191,android,MY,,
2025-07-02,1751416740000,session_start,U0191,android,MY,session_id,U0191_sess1
2025-07-02,1751418180000,level_complete,U0191,android,MY,level_number,1
2025-07-03,1751503500000,session_start,U0191,android,MY,session_id,U0191_sess2
2025-07-02,1751417160000,purchase,U0191,android,MY,amount_usd,5.76
2025-07-02,1751414400000,user_signup,U0192,ios,IN,,
2025-07-02,1751417700000,session_start,U0192,ios,IN,session_id,U0192_sess1
2025-07-02,1751418120000,level_complete,U0192,ios,IN,level_number,1
2025-07-03,1751503740000,session_start,U0192,ios,IN,session_id,U0192_sess2
2025-07-01,1751328000000,user_signup,U0193,android,US,,
2025-07-01,1751328780000,session_start,U0193,android,US,session_id,U0193_sess1
2025-07-01,1751329740000,level_complete,U0193,android,US,level_number,1
2025-07-02,1751417040000,session_start,U0193,android,US,session_id,U0193_sess2
2025-07-03,1751500800000,user_signup,U0194,ios,BR,,
2025-07-03,1751503320000,session_start,U0194,ios,BR,session_id,U0194_sess1
2025-07-04,1751587980000,session_start,U0194,ios,BR,session_id,U0194_sess2
2025-07-03,1751500800000,user_signup,U0195,android,MY,,
2025-07-03,1751504340000,session_start,U0195,android,MY,session_id,U0195_sess1
2025-07-04,1751590140000,session_start,U0195,android,MY,session_id,U0195_sess2
2025-07-05,1751673600000,user_signup,U0196,ios,IN,,
2025-07-05,1751676240000,session_start,U0196,ios,IN,session_id,U0196_sess1
2025-07-05,1751677680000,level_complete,U0196,ios,IN,level_number,1
2025-07-06,1751763420000,session_start,U0196,ios,IN,session_id,U0196_sess2
2025-07-01,1751328000000,user_signup,U0197,android,PH,,
2025-07-01,1751330340000,session_start,U0197,android,PH,session_id,U0197_sess1
2025-07-01,1751330400000,level_complete,U0197,android,PH,level_number,1
2025-07-02,1751414580000,session_start,U0197,android,PH,session_id,U0197_sess2
2025-07-02,1751414400000,user_signup,U0198,ios,BR,,
2025-07-02,1751414640000,session_start,U0198,ios,BR,session_id,U0198_sess1
2025-07-05,1751673600000,user_signup,U0199,ios,IN,,
2025-07-05,1751676360000,session_start,U0199,ios,IN,session_id,U0199_sess1
2025-07-05,1751677260000,level_complete,U0199,ios,IN,level_number,1
2025-07-06,1751761440000,session_start,U0199,ios,IN,session_id,U0199_sess2
2025-07-05,1751677680000,purchase,U0199,ios,IN,amount_usd,9.54
2025-07-05,1751673600000,user_signup,U0200,android,IN,,
2025-07-05,1751675820000,session_start,U0200,android,IN,session_id,U0200_sess1
2025-07-05,1751676180000,level_complete,U0200,android,IN,level_number,1
2025-07-03,1751500800000,user_signup,U0201,ios,PH,,
2025-07-03,1751501580000,session_start,U0201,ios,PH,session_id,U0201_sess1
2025-07-03,1751505660000,purchase,U0201,ios,PH,amount_usd,9.47
2025-07-05,1751673600000,user_signup,U0202,ios,PH,,
2025-07-05,1751676660000,session_start,U0202,ios,PH,session_id,U0202_sess1
2025-07-05,1751677260000,level_complete,U0202,ios,PH,level_number,1
2025-07-06,1751763420000,session_start,U0202,ios,PH,session_id,U0202_sess2
2025-07-01,1751328000000,user_signup,U0203,android,PH,,
2025-07-01,1751331480000,session_start,U0203,android,PH,session_id,U0203_sess1
2025-07-02,1751414700000,session_start,U0203,android,PH,session_id,U0203_sess2
2025-07-01,1751328000000,user_signup,U0204,android,BR,,
2025-07-01,1751328540000,session_start,U0204,android,BR,session_id,U0204_sess1
2025-07-01,1751330640000,purchase,U0204,android,BR,amount_usd,7.81
2025-07-01,1751328000000,user_signup,U0205,ios,US,,
2025-07-01,1751329440000,session_start,U0205,ios,US,session_id,U0205_sess1
2025-07-02,1751415180000,session_start,U0205,ios,US,session_id,U0205_sess2
2025-07-01,1751328000000,user_signup,U0206,android,BR,,
2025-07-01,1751328540000,session_start,U0206,android,BR,session_id,U0206_sess1
2025-07-03,1751500800000,user_signup,U0207,ios,IN,,
2025-07-03,1751504340000,session_start,U0207,ios,IN,session_id,U0207_sess1
2025-07-03,1751504880000,level_complete,U0207,ios,IN,level_number,1
2025-07-04,1751589240000,session_start,U0207,ios,IN,session_id,U0207_sess2
2025-07-01,1751328000000,user_signup,U0208,android,BR,,
2025-07-01,1751328900000,session_start,U0208,android,BR,session_id,U0208_sess1
2025-07-01,1751329200000,level_complete,U0208,android,BR,level_number,1
2025-07-04,1751587200000,user_signup,U0209,android,IN,,
2025-07-04,1751588100000,session_start,U0209,android,IN,session_id,U0209_sess1
2025-07-04,1751589720000,level_complete,U0209,android,IN,level_number,1
2025-07-05,1751673600000,user_signup,U0210,ios,MY,,
2025-07-05,1751676480000,session_start,U0210,ios,MY,session_id,U0210_sess1
2025-07-05,1751676780000,level_complete,U0210,ios,MY,level_number,1
2025-07-05,1751676840000,purchase,U0210,ios,MY,amount_usd,5.32
2025-07-05,1751673600000,user_signup,U0211,ios,PH,,
2025-07-05,1751676660000,session_start,U0211,ios,PH,session_id,U0211_sess1
2025-07-06,1751762040000,session_start,U0211,ios,PH,session_id,U0211_sess2
2025-07-05,1751673600000,user_signup,U0212,ios,US,,
2025-07-05,1751676300000,session_start,U0212,ios,US,session_id,U0212_sess1
2025-07-04,1751587200000,user_signup,U0213,ios,BR,,
2025-07-04,1751589180000,session_start,U0213,ios,BR,session_id,U0213_sess1
2025-07-04,1751590140000,level_complete,U0213,ios,BR,level_number,1
2025-07-01,1751328000000,user_signup,U0214,ios,MY,,
2025-07-01,1751331180000,session_start,U0214,ios,MY,session_id,U0214_sess1
2025-07-01,1751332800000,level_complete,U0214,ios,MY,level_number,1
2025-07-01,1751331240000,purchase,U0214,ios,MY,amount_usd,8.84
2025-07-03,1751500800000,user_signup,U0215,ios,PH,,
2025-07-03,1751502660000,session_start,U0215,ios,PH,session_id,U0215_sess1
2025-07-04,1751589780000,session_start,U0215,ios,PH,session_id,U0215_sess2
2025-07-02,1751414400000,user_signup,U0216,ios,MY,,
2025-07-02,1751416560000,session_start,U0216,ios,MY,session_id,U0216_sess1
2025-07-02,1751417340000,level_complete,U0216,ios,MY,level_number,1
2025-07-02,1751415720000,purchase,U0216,ios,MY,amount_usd,6.54
2025-07-01,1751328000000,user_signup,U0217,ios,US,,
2025-07-01,1751330460000,session_start,U0217,ios,US,session_id,U0217_sess1
2025-07-01,1751330580000,level_complete,U0217,ios,US,level_number,1
2025-07-03,1751500800000,user_signup,U0218,android,IN,,
2025-07-03,1751503680000,session_start,U0218,android,IN,session_id,U0218_sess1
2025-07-03,1751504100000,level_complete,U0218,android,IN,level_number,1
2025-07-04,1751587200000,user_signup,U0219,android,PH,,
2025-07-04,1751588100000,session_start,U0219,android,PH,session_id,U0219_sess1
2025-07-05,1751673840000,session_start,U0219,android,PH,session_id,U0219_sess2
2025-07-04,1751591820000,purchase,U0219,android,PH,amount_usd,3.7
2025-07-01,1751328000000,user_signup,U0220,android,PH,,
2025-07-01,1751328720000,session_start,U0220,android,PH,session_id,U0220_sess1
2025-07-01,1751329320000,level_complete,U0220,android,PH,level_number,1
2025-07-02,1751415720000,session_start,U0220,android,PH,session_id,U0220_sess2
2025-07-03,1751500800000,user_signup,U0221,android,IN,,
2025-07-03,1751501880000,session_start,U0221,android,IN,session_id,U0221_sess1
2025-07-04,1751587200000,user_signup,U0222,android,PH,,
2025-07-04,1751590740000,session_start,U0222,android,PH,session_id,U0222_sess1
2025-07-04,1751592480000,level_complete,U0222,android,PH,level_number,1
2025-07-05,1751675340000,session_start,U0222,android,PH,session_id,U0222_sess2
2025-07-04,1751588100000,purchase,U0222,android,PH,amount_usd,4.34
2025-07-03,1751500800000,user_signup,U0223,android,US,,
2025-07-03,1751501460000,session_start,U0223,android,US,session_id,U0223_sess1
2025-07-03,1751503020000,level_complete,U0223,android,US,level_number,1
2025-07-04,1751589240000,session_start,U0223,android,US,session_id,U0223_sess2
2025-07-01,1751328000000,user_signup,U0224,android,PH,,
2025-07-01,1751330100000,session_start,U0224,android,PH,session_id,U0224_sess1
2025-07-01,1751330520000,level_complete,U0224,android,PH,level_number,1
2025-07-03,1751500800000,user_signup,U0225,ios,IN,,
2025-07-03,1751503920000,session_start,U0225,ios,IN,session_id,U0225_sess1
2025-07-03,1751500800000,user_signup,U0226,ios,MY,,
2025-07-03,1751502420000,session_start,U0226,ios,MY,session_id,U0226_sess1
2025-07-03,1751502600000,purchase,U0226,ios,MY,amount_usd,9.18
2025-07-05,1751673600000,user_signup,U0227,android,US,,
2025-07-05,1751677140000,session_start,U0227,android,US,session_id,U0227_sess1
2025-07-03,1751500800000,user_signup,U0228,android,BR,,
2025-07-03,1751500860000,session_start,U0228,android,BR,session_id,U0228_sess1
2025-07-03,1751501220000,level_complete,U0228,android,BR,level_number,1
2025-07-04,1751589300000,session_start,U0228,android,BR,session_id,U0228_sess2
2025-07-03,1751502840000,purchase,U0228,android,BR,amount_usd,7.42
2025-07-02,1751414400000,user_signup,U0229,ios,BR,,
2025-07-02,1751415300000,session_start,U0229,ios,BR,session_id,U0229_sess1
2025-07-02,1751416920000,level_complete,U0229,ios,BR,level_number,1
2025-07-02,1751415960000,purchase,U0229,ios,BR,amount_usd,1.81
2025-07-03,1751500800000,user_signup,U0230,ios,PH,,
2025-07-03,1751503560000,session_start,U0230,ios,PH,session_id,U0230_sess1
2025-07-03,1751503980000,level_complete,U0230,ios,PH,level_number,1
2025-07-03,1751504520000,purchase,U0230,ios,PH,amount_usd,9.2
2025-07-02,1751414400000,user_signup,U0231,android,MY,,
2025-07-02,1751414580000,session_start,U0231,android,MY,session_id,U0231_sess1
2025-07-02,1751415480000,level_complete,U0231,android,MY,level_number,1
2025-07-03,1751501640000,session_start,U0231,android,MY,session_id,U0231_sess2
2025-07-04,1751587200000,user_signup,U0232,android,US,,
2025-07-04,1751588400000,session_start,U0232,android,US,session_id,U0232_sess1
2025-07-04,1751588760000,level_complete,U0232,android,US,level_number,1
2025-07-05,1751674920000,session_start,U0232,android,US,session_id,U0232_sess2
2025-07-05,1751673600000,user_signup,U0233,android,PH,,
2025-07-05,1751673720000,session_start,U0233,android,PH,session_id,U0233_sess1
2025-07-06,1751760780000,session_start,U0233,android,PH,session_id,U0233_sess2
2025-07-05,1751675400000,purchase,U0233,android,PH,amount_usd,1.64
2025-07-02,1751414400000,user_signup,U0234,android,IN,,
2025-07-02,1751417160000,session_start,U0234,android,IN,session_id,U0234_sess1
2025-07-01,1751328000000,user_signup,U0235,ios,MY,,
2025-07-01,1751329980000,session_start,U0235,ios,MY,session_id,U0235_sess1
2025-07-03,1751500800000,user_signup,U0236,ios,IN,,
2025-07-03,1751502240000,session_start,U0236,ios,IN,session_id,U0236_sess1
2025-07-03,1751502960000,level_complete,U0236,ios,IN,level_number,1
2025-07-03,1751506140000,purchase,U0236,ios,IN,amount_usd,5.33
2025-07-04,1751587200000,user_signup,U0237,ios,PH,,
2025-07-04,1751588400000,session_start,U0237,ios,PH,session_id,U0237_sess1
2025-07-04,1751588880000,level_complete,U0237,ios,PH,level_number,1
2025-07-05,1751675580000,session_start,U0237,ios,PH,session_id,U0237_sess2
2025-07-01,1751328000000,user_signup,U0238,ios,BR,,
2025-07-01,1751330460000,session_start,U0238,ios,BR,session_id,U0238_sess1
2025-07-01,1751330520000,level_complete,U0238,ios,BR,level_number,1
2025-07-02,1751414400000,user_signup,U0239,android,PH,,
2025-07-02,1751416680000,session_start,U0239,android,PH,session_id,U0239_sess1
2025-07-02,1751417520000,level_complete,U0239,android,PH,level_number,1
2025-07-02,1751414400000,user_signup,U0240,ios,BR,,
2025-07-02,1751417700000,session_start,U0240,ios,BR,session_id,U0240_sess1
2025-07-02,1751418180000,level_complete,U0240,ios,BR,level_number,1
2025-07-01,1751328000000,user_signup,U0241,ios,US,,
2025-07-01,1751328360000,session_start,U0241,ios,US,session_id,U0241_sess1
2025-07-01,1751328900000,level_complete,U0241,ios,US,level_number,1
2025-07-02,1751414400000,user_signup,U0242,ios,BR,,
2025-07-02,1751416080000,session_start,U0242,ios,BR,session_id,U0242_sess1
2025-07-03,1751504340000,session_start,U0242,ios,BR,session_id,U0242_sess2
2025-07-03,1751500800000,user_signup,U0243,ios,PH,,
2025-07-03,1751502000000,session_start,U0243,ios,PH,session_id,U0243_sess1
2025-07-03,1751502360000,level_complete,U0243,ios,PH,level_number,1
2025-07-03,1751500800000,user_signup,U0244,android,BR,,
2025-07-03,1751503260000,session_start,U0244,android,BR,session_id,U0244_sess1
2025-07-03,1751504100000,level_complete,U0244,android,BR,level_number,1
2025-07-04,1751590440000,session_start,U0244,android,BR,session_id,U0244_sess2
2025-07-04,1751587200000,user_signup,U0245,ios,PH,,
2025-07-04,1751587980000,session_start,U0245,ios,PH,session_id,U0245_sess1
2025-07-04,1751589120000,level_complete,U0245,ios,PH,level_number,1
2025-07-05,1751676900000,session_start,U0245,ios,PH,session_id,U0245_sess2
2025-07-05,1751673600000,user_signup,U0246,ios,BR,,
2025-07-05,1751674080000,session_start,U0246,ios,BR,session_id,U0246_sess1
2025-07-06,1751761920000,session_start,U0246,ios,BR,session_id,U0246_sess2
2025-07-02,1751414400000,user_signup,U0247,ios,US,,
2025-07-02,1751414760000,session_start,U0247,ios,US,session_id,U0247_sess1
2025-07-03,1751502720000,session_start,U0247,ios,US,session_id,U0247_sess2
2025-07-03,1751500800000,user_signup,U0248,android,US,,
2025-07-03,1751500980000,session_start,U0248,android,US,session_id,U0248_sess1
2025-07-03,1751502120000,level_complete,U0248,android,US,level_number,1
2025-07-03,1751505120000,purchase,U0248,android,US,amount_usd,2.82
2025-07-04,1751587200000,user_signup,U0249,ios,MY,,
2025-07-04,1751590140000,session_start,U0249,ios,MY,session_id,U0249_sess1
2025-07-04,1751587200000,user_signup,U0250,ios,US,,
2025-07-04,1751589420000,session_start,U0250,ios,US,session_id,U0250_sess1
2025-07-04,1751590140000,level_complete,U0250,ios,US,level_number,1
2025-07-02,1751414400000,user_signup,U0251,android,MY,,
2025-07-02,1751417340000,session_start,U0251,android,MY,session_id,U0251_sess1
2025-07-02,1751417880000,level_complete,U0251,android,MY,level_number,1
2025-07-03,1751503980000,session_start,U0251,android,MY,session_id,U0251_sess2
2025-07-04,1751587200000,user_signup,U0252,android,US,,
2025-07-04,1751587320000,session_start,U0252,android,US,session_id,U0252_sess1
2025-07-04,1751587560000,level_complete,U0252,android,US,level_number,1
2025-07-05,1751676120000,session_start,U0252,android,US,session_id,U0252_sess2
2025-07-02,1751414400000,user_signup,U0253,android,US,,
2025-07-02,1751417640000,session_start,U0253,android,US,session_id,U0253_sess1
2025-07-02,1751417820000,level_complete,U0253,android,US,level_number,1
2025-07-01,1751328000000,user_signup,U0254,android,US,,
2025-07-01,1751330100000,session_start,U0254,android,US,session_id,U0254_sess1
2025-07-02,1751416200000,session_start,U0254,android,US,session_id,U0254_sess2
2025-07-01,1751331180000,purchase,U0254,android,US,amount_usd,4.35
2025-07-02,1751414400000,user_signup,U0255,ios,IN,,
2025-07-02,1751417700000,session_start,U0255,ios,IN,session_id,U0255_sess1
2025-07-02,1751418060000,level_complete,U0255,ios,IN,level_number,1
2025-07-03,1751504040000,session_start,U0255,ios,IN,session_id,U0255_sess2
2025-07-01,1751328000000,user_signup,U0256,ios,PH,,
2025-07-01,1751329200000,session_start,U0256,ios,PH,session_id,U0256_sess1
2025-07-01,1751329560000,level_complete,U0256,ios,PH,level_number,1
2025-07-04,1751587200000,user_signup,U0257,android,IN,,
2025-07-04,1751587320000,session_start,U0257,android,IN,session_id,U0257_sess1
2025-07-05,1751673660000,session_start,U0257,android,IN,session_id,U0257_sess2
2025-07-04,1751587200000,user_signup,U0258,ios,US,,
2025-07-04,1751589900000,session_start,U0258,ios,US,session_id,U0258_sess1
2025-07-04,1751590560000,level_complete,U0258,ios,US,level_number,1
2025-07-02,1751414400000,user_signup,U0259,ios,IN,,
2025-07-02,1751416140000,session_start,U0259,ios,IN,session_id,U0259_sess1
2025-07-02,1751416680000,level_complete,U0259,ios,IN,level_number,1
2025-07-03,1751502000000,session_start,U0259,ios,IN,session_id,U0259_sess2
2025-07-04,1751587200000,user_signup,U0260,android,PH,,
2025-07-04,1751587260000,session_start,U0260,android,PH,session_id,U0260_sess1
2025-07-04,1751588580000,level_complete,U0260,android,PH,level_number,1
2025-07-05,1751677020000,session_start,U0260,android,PH,session_id,U0260_sess2
2025-07-05,1751673600000,user_signup,U0261,ios,BR,,
2025-07-05,1751674320000,session_start,U0261,ios,BR,session_id,U0261_sess1
2025-07-05,1751675340000,level_complete,U0261,ios,BR,level_number,1
2025-07-04,1751587200000,user_signup,U0262,android,IN,,
2025-07-04,1751590740000,session_start,U0262,android,IN,session_id,U0262_sess1
2025-07-04,1751591820000,level_complete,U0262,android,IN,level_number,1
2025-07-04,1751589960000,purchase,U0262,android,IN,amount_usd,9.42
2025-07-05,1751673600000,user_signup,U0263,android,US,,
2025-07-05,1751673660000,session_start,U0263,android,US,session_id,U0263_sess1
2025-07-05,1751674020000,level_complete,U0263,android,US,level_number,1
2025-07-06,1751763540000,session_start,U0263,android,US,session_id,U0263_sess2
2025-07-01,1751328000000,user_signup,U0264,ios,PH,,
2025-07-01,1751331060000,session_start,U0264,ios,PH,session_id,U0264_sess1
2025-07-01,1751331660000,level_complete,U0264,ios,PH,level_number,1
2025-07-02,1751417400000,session_start,U0264,ios,PH,session_id,U0264_sess2
2025-07-03,1751500800000,user_signup,U0265,android,PH,,
2025-07-03,1751502840000,session_start,U0265,android,PH,session_id,U0265_sess1
2025-07-03,1751504580000,level_complete,U0265,android,PH,level_number,1
2025-07-03,1751500800000,user_signup,U0266,ios,MY,,
2025-07-03,1751503800000,session_start,U0266,ios,MY,session_id,U0266_sess1
2025-07-03,1751504160000,level_complete,U0266,ios,MY,level_number,1
2025-07-04,1751589900000,session_start,U0266,ios,MY,session_id,U0266_sess2
2025-07-03,1751504340000,purchase,U0266,ios,MY,amount_usd,2.81
2025-07-02,1751414400000,user_signup,U0267,android,BR,,
2025-07-02,1751415660000,session_start,U0267,android,BR,session_id,U0267_sess1
2025-07-02,1751416140000,level_complete,U0267,android,BR,level_number,1
2025-07-03,1751503080000,session_start,U0267,android,BR,session_id,U0267_sess2
2025-07-02,1751414400000,user_signup,U0268,ios,US,,
2025-07-02,1751414460000,session_start,U0268,ios,US,session_id,U0268_sess1
2025-07-02,1751414400000,user_signup,U0269,android,MY,,
2025-07-02,1751415480000,session_start,U0269,android,MY,session_id,U0269_sess1
2025-07-02,1751415960000,level_complete,U0269,android,MY,level_number,1
2025-07-03,1751500800000,user_signup,U0270,ios,BR,,
2025-07-03,1751501280000,session_start,U0270,ios,BR,session_id,U0270_sess1
2025-07-05,1751673600000,user_signup,U0271,ios,PH,,
2025-07-05,1751676480000,session_start,U0271,ios,PH,session_id,U0271_sess1
2025-07-05,1751678040000,level_complete,U0271,ios,PH,level_number,1
2025-07-06,1751760120000,session_start,U0271,ios,PH,session_id,U0271_sess2
2025-07-01,1751328000000,user_signup,U0272,android,BR,,
2025-07-01,1751329980000,session_start,U0272,android,BR,session_id,U0272_sess1
2025-07-01,1751330940000,level_complete,U0272,android,BR,level_number,1
2025-07-01,1751330400000,purchase,U0272,android,BR,amount_usd,7.64
2025-07-04,1751587200000,user_signup,U0273,ios,US,,
2025-07-04,1751589240000,session_start,U0273,ios,US,session_id,U0273_sess1
2025-07-04,1751590080000,level_complete,U0273,ios,US,level_number,1
2025-07-02,1751414400000,user_signup,U0274,ios,MY,,
2025-07-02,1751415480000,session_start,U0274,ios,MY,session_id,U0274_sess1
2025-07-03,1751503500000,session_start,U0274,ios,MY,session_id,U0274_sess2
2025-07-01,1751328000000,user_signup,U0275,ios,BR,,
2025-07-01,1751329260000,session_start,U0275,ios,BR,session_id,U0275_sess1
2025-07-01,1751329980000,level_complete,U0275,ios,BR,level_number,1
2025-07-03,1751500800000,user_signup,U0276,ios,IN,,
2025-07-03,1751502540000,session_start,U0276,ios,IN,session_id,U0276_sess1
2025-07-03,1751503560000,level_complete,U0276,ios,IN,level_number,1
2025-07-02,1751414400000,user_signup,U0277,android,BR,,
2025-07-02,1751415060000,session_start,U0277,android,BR,session_id,U0277_sess1
2025-07-02,1751415900000,level_complete,U0277,android,BR,level_number,1
2025-07-01,1751328000000,user_signup,U0278,android,IN,,
2025-07-01,1751328180000,session_start,U0278,android,IN,session_id,U0278_sess1
2025-07-01,1751328660000,level_complete,U0278,android,IN,level_number,1
2025-07-05,1751673600000,user_signup,U0279,ios,PH,,
2025-07-05,1751675340000,session_start,U0279,ios,PH,session_id,U0279_sess1
2025-07-05,1751676060000,level_complete,U0279,ios,PH,level_number,1
2025-07-06,1751762880000,session_start,U0279,ios,PH,session_id,U0279_sess2
2025-07-04,1751587200000,user_signup,U0280,ios,BR,,
2025-07-04,1751589360000,session_start,U0280,ios,BR,session_id,U0280_sess1
2025-07-04,1751590320000,level_complete,U0280,ios,BR,level_number,1
2025-07-04,1751587200000,user_signup,U0281,ios,BR,,
2025-07-04,1751590740000,session_start,U0281,ios,BR,session_id,U0281_sess1
2025-07-04,1751592000000,level_complete,U0281,ios,BR,level_number,1
2025-07-05,1751676900000,session_start,U0281,ios,BR,session_id,U0281_sess2
2025-07-05,1751673600000,user_signup,U0282,ios,US,,
2025-07-05,1751674500000,session_start,U0282,ios,US,session_id,U0282_sess1
2025-07-05,1751675160000,level_complete,U0282,ios,US,level_number,1
2025-07-06,1751760240000,session_start,U0282,ios,US,session_id,U0282_sess2
2025-07-03,1751500800000,user_signup,U0283,android,BR,,
2025-07-03,1751502840000,session_start,U0283,android,BR,session_id,U0283_sess1
2025-07-03,1751503080000,level_complete,U0283,android,BR,level_number,1
2025-07-04,1751590320000,session_start,U0283,android,BR,session_id,U0283_sess2
2025-07-05,1751673600000,user_signup,U0284,android,IN,,
2025-07-05,1751676420000,session_start,U0284,android,IN,session_id,U0284_sess1
2025-07-05,1751676900000,level_complete,U0284,android,IN,level_number,1
2025-07-06,1751762160000,session_start,U0284,android,IN,session_id,U0284_sess2
2025-07-02,1751414400000,user_signup,U0285,ios,MY,,
2025-07-02,1751417340000,session_start,U0285,ios,MY,session_id,U0285_sess1
2025-07-04,1751587200000,user_signup,U0286,android,MY,,
2025-07-04,1751587800000,session_start,U0286,android,MY,session_id,U0286_sess1
2025-07-05,1751676960000,session_start,U0286,android,MY,session_id,U0286_sess2
2025-07-05,1751673600000,user_signup,U0287,ios,US,,
2025-07-05,1751676120000,session_start,U0287,ios,US,session_id,U0287_sess1
2025-07-06,1751763240000,session_start,U0287,ios,US,session_id,U0287_sess2
2025-07-01,1751328000000,user_signup,U0288,ios,IN,,
2025-07-01,1751330640000,session_start,U0288,ios,IN,session_id,U0288_sess1
2025-07-01,1751331240000,level_complete,U0288,ios,IN,level_number,1
2025-07-02,1751415180000,session_start,U0288,ios,IN,session_id,U0288_sess2
2025-07-05,1751673600000,user_signup,U0289,android,US,,
2025-07-05,1751674920000,session_start,U0289,android,US,session_id,U0289_sess1
2025-07-05,1751676480000,level_complete,U0289,android,US,level_number,1
2025-07-06,1751760600000,session_start,U0289,android,US,session_id,U0289_sess2
2025-07-05,1751676660000,purchase,U0289,android,US,amount_usd,9.09
2025-07-01,1751328000000,user_signup,U0290,ios,BR,,
2025-07-01,1751329560000,session_start,U0290,ios,BR,session_id,U0290_sess1
2025-07-01,1751329800000,level_complete,U0290,ios,BR,level_number,1
2025-07-02,1751415540000,session_start,U0290,ios,BR,session_id,U0290_sess2
2025-07-02,1751414400000,user_signup,U0291,android,PH,,
2025-07-02,1751415900000,session_start,U0291,android,PH,session_id,U0291_sess1
2025-07-02,1751416140000,level_complete,U0291,android,PH,level_number,1
2025-07-03,1751504100000,session_start,U0291,android,PH,session_id,U0291_sess2
2025-07-01,1751328000000,user_signup,U0292,android,MY,,
2025-07-01,1751330100000,session_start,U0292,android,MY,session_id,U0292_sess1
2025-07-02,1751415660000,session_start,U0292,android,MY,session_id,U0292_sess2
2025-07-01,1751331420000,purchase,U0292,android,MY,amount_usd,3.8
2025-07-03,1751500800000,user_signup,U0293,ios,IN,,
2025-07-03,1751502480000,session_start,U0293,ios,IN,session_id,U0293_sess1
2025-07-03,1751503140000,level_complete,U0293,ios,IN,level_number,1
2025-07-04,1751588040000,session_start,U0293,ios,IN,session_id,U0293_sess2
2025-07-01,1751328000000,user_signup,U0294,android,BR,,
2025-07-01,1751329500000,session_start,U0294,android,BR,session_id,U0294_sess1
2025-07-02,1751415660000,session_start,U0294,android,BR,session_id,U0294_sess2
2025-07-02,1751414400000,user_signup,U0295,ios,IN,,
2025-07-02,1751417640000,session_start,U0295,ios,IN,session_id,U0295_sess1
2025-07-02,1751418180000,level_complete,U0295,ios,IN,level_number,1
2025-07-04,1751587200000,user_signup,U0296,ios,US,,
2025-07-04,1751589960000,session_start,U0296,ios,US,session_id,U0296_sess1
2025-07-04,1751591520000,level_complete,U0296,ios,US,level_number,1
2025-07-05,1751675520000,session_start,U0296,ios,US,session_id,U0296_sess2
2025-07-04,1751587200000,user_signup,U0297,android,IN,,
2025-07-04,1751589600000,session_start,U0297,android,IN,session_id,U0297_sess1
2025-07-04,1751589840000,level_complete,U0297,android,IN,level_number,1
2025-07-05,1751674080000,session_start,U0297,android,IN,session_id,U0297_sess2
2025-07-01,1751328000000,user_signup,U0298,android,IN,,
2025-07-01,1751330340000,session_start,U0298,android,IN,session_id,U0298_sess1
2025-07-01,1751331360000,level_complete,U0298,android,IN,level_number,1
2025-07-04,1751587200000,user_signup,U0299,android,PH,,
2025-07-04,1751588820000,session_start,U0299,android,PH,session_id,U0299_sess1
2025-07-04,1751589300000,level_complete,U0299,android,PH,level_number,1
2025-07-04,1751587200000,user_signup,U0300,android,PH,,
2025-07-04,1751590680000,session_start,U0300,android,PH,session_id,U0300_sess1
2025-07-04,1751591040000,level_complete,U0300,android,PH,level_number,1
2025-07-05,1751676240000,session_start,U0300,android,PH,session_id,U0300_sess2
